id,home_team_win
0,True
1,True
2,True
3,False
4,False
5,False
6,False
7,True
8,False
9,True
10,False
11,False
12,True
13,False
14,True
15,False
16,True
17,True
18,True
19,False
20,False
21,False
22,True
23,True
24,False
25,False
26,False
27,True
28,False
29,True
30,True
31,False
32,True
33,True
34,True
35,True
36,False
37,True
38,True
39,False
40,True
41,True
42,False
43,True
44,True
45,False
46,False
47,True
48,True
49,False
50,True
51,True
52,False
53,False
54,True
55,True
56,False
57,True
58,True
59,False
60,True
61,True
62,False
63,False
64,True
65,True
66,True
67,True
68,False
69,False
70,False
71,False
72,True
73,True
74,False
75,False
76,True
77,False
78,False
79,True
80,True
81,False
82,False
83,False
84,False
85,False
86,False
87,False
88,True
89,True
90,False
91,False
92,True
93,False
94,False
95,False
96,False
97,False
98,True
99,True
100,False
101,True
102,False
103,True
104,False
105,False
106,True
107,False
108,False
109,False
110,True
111,True
112,True
113,True
114,False
115,False
116,False
117,False
118,True
119,False
120,True
121,True
122,False
123,False
124,False
125,True
126,True
127,True
128,False
129,False
130,False
131,False
132,False
133,True
134,True
135,False
136,True
137,False
138,True
139,False
140,False
141,True
142,True
143,True
144,True
145,False
146,True
147,False
148,False
149,False
150,True
151,True
152,True
153,True
154,True
155,True
156,False
157,False
158,True
159,True
160,False
161,True
162,False
163,False
164,True
165,True
166,False
167,True
168,True
169,False
170,True
171,False
172,True
173,True
174,False
175,False
176,False
177,False
178,True
179,True
180,True
181,True
182,True
183,False
184,True
185,True
186,False
187,True
188,False
189,False
190,False
191,True
192,True
193,False
194,True
195,False
196,False
197,False
198,False
199,False
200,False
201,True
202,False
203,True
204,False
205,False
206,True
207,False
208,True
209,False
210,False
211,False
212,True
213,False
214,False
215,False
216,True
217,True
218,False
219,True
220,True
221,True
222,False
223,True
224,False
225,True
226,False
227,True
228,True
229,False
230,False
231,False
232,False
233,False
234,True
235,True
236,False
237,True
238,False
239,True
240,False
241,True
242,False
243,False
244,True
245,False
246,True
247,False
248,True
249,True
250,False
251,False
252,True
253,False
254,True
255,False
256,True
257,True
258,True
259,False
260,False
261,False
262,True
263,False
264,False
265,True
266,True
267,True
268,False
269,True
270,True
271,True
272,True
273,True
274,True
275,True
276,False
277,True
278,True
279,True
280,True
281,True
282,False
283,False
284,True
285,False
286,True
287,False
288,False
289,True
290,True
291,False
292,True
293,True
294,True
295,True
296,False
297,False
298,False
299,False
300,False
301,True
302,True
303,False
304,True
305,True
306,True
307,True
308,False
309,False
310,False
311,False
312,True
313,True
314,True
315,True
316,False
317,True
318,True
319,False
320,True
321,True
322,False
323,True
324,False
325,True
326,False
327,True
328,True
329,False
330,True
331,False
332,True
333,True
334,False
335,True
336,True
337,True
338,False
339,False
340,False
341,True
342,True
343,True
344,False
345,True
346,True
347,True
348,True
349,True
350,True
351,False
352,True
353,False
354,False
355,True
356,False
357,False
358,True
359,True
360,True
361,False
362,True
363,True
364,True
365,False
366,True
367,False
368,True
369,True
370,True
371,True
372,True
373,True
374,False
375,False
376,True
377,True
378,True
379,False
380,True
381,True
382,False
383,True
384,True
385,False
386,True
387,True
388,True
389,True
390,False
391,True
392,True
393,True
394,True
395,True
396,True
397,False
398,False
399,True
400,True
401,True
402,True
403,False
404,False
405,True
406,True
407,True
408,True
409,True
410,True
411,True
412,True
413,False
414,False
415,False
416,True
417,False
418,True
419,False
420,True
421,False
422,True
423,True
424,False
425,False
426,True
427,False
428,False
429,True
430,False
431,False
432,False
433,True
434,True
435,False
436,True
437,True
438,True
439,False
440,False
441,False
442,False
443,False
444,False
445,False
446,False
447,True
448,True
449,False
450,True
451,False
452,True
453,True
454,False
455,True
456,False
457,True
458,False
459,True
460,False
461,True
462,False
463,True
464,False
465,False
466,False
467,False
468,True
469,True
470,True
471,True
472,True
473,False
474,False
475,True
476,False
477,False
478,True
479,True
480,True
481,False
482,False
483,True
484,False
485,True
486,True
487,True
488,True
489,False
490,False
491,False
492,True
493,False
494,True
495,False
496,True
497,True
498,False
499,False
500,True
501,True
502,True
503,False
504,True
505,True
506,True
507,True
508,False
509,False
510,False
511,True
512,False
513,True
514,True
515,True
516,True
517,False
518,True
519,True
520,True
521,True
522,False
523,True
524,False
525,True
526,True
527,False
528,True
529,True
530,True
531,False
532,True
533,False
534,True
535,True
536,False
537,False
538,True
539,True
540,True
541,True
542,False
543,False
544,True
545,False
546,False
547,False
548,True
549,False
550,True
551,True
552,False
553,False
554,False
555,True
556,True
557,False
558,False
559,True
560,True
561,True
562,True
563,False
564,False
565,False
566,False
567,False
568,False
569,True
570,True
571,False
572,False
573,True
574,True
575,False
576,True
577,True
578,True
579,False
580,False
581,False
582,True
583,True
584,False
585,False
586,False
587,False
588,False
589,True
590,True
591,True
592,False
593,False
594,True
595,True
596,True
597,True
598,True
599,False
600,False
601,True
602,True
603,True
604,True
605,False
606,False
607,False
608,False
609,True
610,False
611,False
612,False
613,False
614,True
615,False
616,False
617,False
618,False
619,False
620,False
621,False
622,False
623,True
624,False
625,True
626,False
627,False
628,False
629,False
630,False
631,True
632,False
633,True
634,False
635,False
636,True
637,False
638,True
639,False
640,False
641,True
642,True
643,True
644,False
645,True
646,True
647,False
648,False
649,False
650,False
651,True
652,False
653,True
654,True
655,True
656,False
657,True
658,False
659,False
660,False
661,True
662,False
663,True
664,True
665,False
666,False
667,True
668,False
669,False
670,True
671,True
672,True
673,True
674,True
675,False
676,False
677,False
678,False
679,False
680,True
681,True
682,False
683,True
684,True
685,False
686,True
687,False
688,True
689,True
690,True
691,True
692,True
693,True
694,True
695,True
696,False
697,False
698,True
699,False
700,False
701,False
702,True
703,False
704,True
705,True
706,False
707,False
708,True
709,False
710,True
711,False
712,False
713,False
714,True
715,True
716,False
717,True
718,True
719,True
720,True
721,False
722,True
723,True
724,False
725,False
726,False
727,True
728,True
729,True
730,False
731,False
732,True
733,False
734,True
735,False
736,False
737,True
738,False
739,False
740,True
741,True
742,False
743,True
744,True
745,True
746,True
747,False
748,True
749,True
750,True
751,False
752,False
753,True
754,True
755,False
756,False
757,True
758,True
759,False
760,False
761,False
762,False
763,False
764,False
765,False
766,True
767,False
768,False
769,True
770,True
771,False
772,True
773,False
774,False
775,False
776,False
777,True
778,True
779,False
780,False
781,True
782,True
783,False
784,True
785,True
786,True
787,False
788,False
789,True
790,False
791,True
792,True
793,False
794,False
795,False
796,True
797,False
798,True
799,True
800,False
801,False
802,True
803,False
804,True
805,False
806,True
807,True
808,False
809,True
810,True
811,False
812,False
813,True
814,True
815,False
816,True
817,False
818,False
819,False
820,False
821,True
822,False
823,False
824,False
825,True
826,True
827,False
828,False
829,True
830,False
831,False
832,False
833,False
834,True
835,False
836,True
837,False
838,False
839,False
840,False
841,False
842,True
843,True
844,True
845,False
846,True
847,False
848,False
849,True
850,True
851,True
852,True
853,True
854,False
855,True
856,True
857,True
858,False
859,True
860,True
861,False
862,True
863,False
864,True
865,True
866,False
867,False
868,False
869,False
870,False
871,True
872,False
873,False
874,True
875,True
876,True
877,True
878,False
879,True
880,False
881,True
882,True
883,False
884,False
885,False
886,True
887,False
888,False
889,False
890,False
891,True
892,True
893,False
894,False
895,False
896,False
897,False
898,False
899,True
900,False
901,True
902,True
903,True
904,True
905,False
906,False
907,False
908,True
909,True
910,True
911,True
912,True
913,False
914,False
915,True
916,False
917,False
918,False
919,False
920,True
921,True
922,True
923,False
924,True
925,True
926,True
927,True
928,False
929,False
930,True
931,True
932,False
933,False
934,False
935,True
936,False
937,False
938,True
939,True
940,False
941,False
942,True
943,True
944,False
945,True
946,False
947,True
948,False
949,False
950,True
951,False
952,True
953,True
954,True
955,False
956,True
957,True
958,False
959,True
960,False
961,False
962,True
963,True
964,True
965,False
966,False
967,False
968,False
969,True
970,False
971,True
972,False
973,True
974,True
975,False
976,False
977,False
978,False
979,False
980,False
981,False
982,True
983,True
984,True
985,True
986,False
987,False
988,False
989,False
990,False
991,False
992,False
993,False
994,True
995,True
996,False
997,True
998,True
999,True
1000,False
1001,True
1002,False
1003,True
1004,False
1005,True
1006,True
1007,False
1008,True
1009,True
1010,False
1011,False
1012,True
1013,False
1014,True
1015,False
1016,False
1017,True
1018,True
1019,False
1020,False
1021,True
1022,True
1023,False
1024,True
1025,False
1026,False
1027,False
1028,True
1029,False
1030,False
1031,True
1032,False
1033,False
1034,False
1035,True
1036,False
1037,True
1038,False
1039,False
1040,False
1041,False
1042,False
1043,False
1044,True
1045,True
1046,True
1047,True
1048,False
1049,False
1050,True
1051,True
1052,False
1053,True
1054,True
1055,False
1056,False
1057,False
1058,False
1059,True
1060,True
1061,False
1062,True
1063,True
1064,True
1065,True
1066,False
1067,False
1068,True
1069,False
1070,True
1071,False
1072,False
1073,False
1074,False
1075,False
1076,False
1077,True
1078,False
1079,True
1080,True
1081,True
1082,False
1083,True
1084,True
1085,False
1086,False
1087,True
1088,True
1089,False
1090,True
1091,True
1092,True
1093,True
1094,True
1095,True
1096,True
1097,True
1098,True
1099,True
1100,True
1101,True
1102,False
1103,True
1104,False
1105,False
1106,False
1107,True
1108,False
1109,False
1110,True
1111,False
1112,True
1113,True
1114,False
1115,True
1116,False
1117,True
1118,False
1119,True
1120,False
1121,True
1122,False
1123,False
1124,False
1125,False
1126,True
1127,True
1128,False
1129,True
1130,True
1131,True
1132,False
1133,True
1134,True
1135,False
1136,True
1137,True
1138,True
1139,False
1140,True
1141,False
1142,False
1143,True
1144,True
1145,False
1146,False
1147,False
1148,True
1149,True
1150,True
1151,False
1152,True
1153,False
1154,True
1155,False
1156,True
1157,False
1158,True
1159,False
1160,True
1161,True
1162,True
1163,True
1164,False
1165,False
1166,True
1167,False
1168,True
1169,False
1170,True
1171,False
1172,False
1173,False
1174,False
1175,True
1176,False
1177,False
1178,True
1179,False
1180,True
1181,True
1182,True
1183,False
1184,True
1185,False
1186,False
1187,False
1188,False
1189,False
1190,True
1191,False
1192,False
1193,True
1194,True
1195,True
1196,False
1197,False
1198,True
1199,True
1200,True
1201,False
1202,False
1203,False
1204,True
1205,True
1206,True
1207,False
1208,True
1209,True
1210,True
1211,False
1212,True
1213,True
1214,True
1215,False
1216,False
1217,True
1218,False
1219,True
1220,True
1221,False
1222,True
1223,False
1224,False
1225,False
1226,False
1227,False
1228,False
1229,False
1230,False
1231,True
1232,True
1233,True
1234,False
1235,False
1236,True
1237,False
1238,True
1239,False
1240,False
1241,False
1242,False
1243,False
1244,False
1245,True
1246,False
1247,False
1248,False
1249,True
1250,False
1251,True
1252,False
1253,True
1254,True
1255,False
1256,False
1257,False
1258,True
1259,False
1260,False
1261,False
1262,True
1263,True
1264,False
1265,True
1266,True
1267,True
1268,False
1269,True
1270,True
1271,False
1272,False
1273,False
1274,True
1275,True
1276,True
1277,False
1278,False
1279,False
1280,False
1281,False
1282,True
1283,False
1284,True
1285,False
1286,False
1287,False
1288,True
1289,False
1290,True
1291,False
1292,False
1293,True
1294,True
1295,False
1296,False
1297,True
1298,True
1299,False
1300,True
1301,False
1302,True
1303,True
1304,True
1305,False
1306,True
1307,True
1308,False
1309,True
1310,False
1311,True
1312,True
1313,False
1314,False
1315,True
1316,True
1317,True
1318,False
1319,False
1320,True
1321,False
1322,False
1323,False
1324,True
1325,True
1326,False
1327,True
1328,False
1329,True
1330,True
1331,True
1332,False
1333,True
1334,True
1335,True
1336,True
1337,False
1338,False
1339,False
1340,False
1341,False
1342,True
1343,False
1344,True
1345,False
1346,False
1347,False
1348,True
1349,True
1350,False
1351,False
1352,False
1353,True
1354,True
1355,False
1356,False
1357,True
1358,False
1359,True
1360,False
1361,False
1362,True
1363,False
1364,False
1365,True
1366,True
1367,True
1368,True
1369,False
1370,False
1371,False
1372,True
1373,True
1374,False
1375,True
1376,False
1377,True
1378,False
1379,False
1380,False
1381,False
1382,False
1383,True
1384,False
1385,True
1386,False
1387,False
1388,False
1389,False
1390,False
1391,False
1392,True
1393,True
1394,False
1395,False
1396,True
1397,True
1398,False
1399,True
1400,True
1401,False
1402,False
1403,True
1404,False
1405,True
1406,False
1407,True
1408,False
1409,False
1410,True
1411,True
1412,False
1413,True
1414,True
1415,True
1416,True
1417,True
1418,True
1419,True
1420,True
1421,True
1422,False
1423,False
1424,False
1425,False
1426,False
1427,False
1428,True
1429,False
1430,False
1431,False
1432,False
1433,False
1434,True
1435,True
1436,False
1437,True
1438,True
1439,False
1440,True
1441,False
1442,False
1443,True
1444,True
1445,True
1446,False
1447,False
1448,True
1449,True
1450,False
1451,False
1452,False
1453,False
1454,False
1455,True
1456,False
1457,False
1458,True
1459,False
1460,True
1461,True
1462,False
1463,False
1464,True
1465,True
1466,False
1467,True
1468,False
1469,False
1470,True
1471,True
1472,False
1473,True
1474,True
1475,False
1476,True
1477,True
1478,False
1479,True
1480,False
1481,True
1482,False
1483,True
1484,False
1485,True
1486,False
1487,True
1488,False
1489,True
1490,False
1491,True
1492,True
1493,False
1494,True
1495,True
1496,False
1497,True
1498,False
1499,True
1500,True
1501,False
1502,False
1503,True
1504,True
1505,True
1506,True
1507,False
1508,False
1509,False
1510,False
1511,False
1512,False
1513,False
1514,False
1515,True
1516,True
1517,False
1518,True
1519,False
1520,False
1521,True
1522,True
1523,False
1524,True
1525,False
1526,True
1527,False
1528,True
1529,True
1530,False
1531,False
1532,False
1533,False
1534,True
1535,False
1536,False
1537,False
1538,True
1539,True
1540,True
1541,True
1542,False
1543,True
1544,False
1545,False
1546,True
1547,True
1548,True
1549,True
1550,True
1551,True
1552,False
1553,False
1554,True
1555,True
1556,False
1557,False
1558,True
1559,False
1560,False
1561,True
1562,True
1563,True
1564,True
1565,True
1566,True
1567,False
1568,False
1569,False
1570,True
1571,True
1572,True
1573,False
1574,False
1575,True
1576,True
1577,False
1578,False
1579,True
1580,True
1581,True
1582,False
1583,False
1584,True
1585,False
1586,True
1587,True
1588,False
1589,False
1590,True
1591,False
1592,False
1593,False
1594,False
1595,False
1596,False
1597,True
1598,True
1599,True
1600,True
1601,False
1602,False
1603,True
1604,True
1605,True
1606,False
1607,False
1608,False
1609,False
1610,False
1611,True
1612,True
1613,False
1614,False
1615,True
1616,False
1617,False
1618,False
1619,False
1620,False
1621,False
1622,True
1623,True
1624,False
1625,True
1626,True
1627,True
1628,True
1629,True
1630,False
1631,True
1632,True
1633,True
1634,False
1635,False
1636,True
1637,False
1638,True
1639,True
1640,False
1641,False
1642,False
1643,False
1644,False
1645,True
1646,False
1647,False
1648,False
1649,True
1650,False
1651,True
1652,True
1653,False
1654,False
1655,True
1656,True
1657,True
1658,True
1659,True
1660,True
1661,True
1662,True
1663,False
1664,True
1665,False
1666,False
1667,False
1668,False
1669,False
1670,True
1671,False
1672,False
1673,False
1674,True
1675,False
1676,True
1677,False
1678,True
1679,False
1680,True
1681,False
1682,True
1683,True
1684,True
1685,True
1686,True
1687,True
1688,True
1689,False
1690,False
1691,True
1692,False
1693,True
1694,False
1695,True
1696,False
1697,False
1698,False
1699,False
1700,False
1701,False
1702,True
1703,False
1704,False
1705,False
1706,True
1707,False
1708,True
1709,False
1710,True
1711,False
1712,False
1713,True
1714,True
1715,True
1716,True
1717,True
1718,True
1719,False
1720,False
1721,False
1722,True
1723,False
1724,True
1725,False
1726,False
1727,True
1728,True
1729,False
1730,True
1731,False
1732,True
1733,False
1734,True
1735,True
1736,False
1737,True
1738,True
1739,True
1740,False
1741,False
1742,True
1743,True
1744,False
1745,True
1746,False
1747,False
1748,True
1749,True
1750,False
1751,False
1752,False
1753,False
1754,True
1755,True
1756,True
1757,True
1758,True
1759,False
1760,True
1761,True
1762,False
1763,False
1764,True
1765,True
1766,True
1767,True
1768,True
1769,False
1770,True
1771,True
1772,True
1773,True
1774,True
1775,False
1776,False
1777,False
1778,True
1779,False
1780,False
1781,True
1782,True
1783,False
1784,False
1785,False
1786,False
1787,True
1788,False
1789,True
1790,False
1791,False
1792,False
1793,False
1794,True
1795,True
1796,False
1797,False
1798,False
1799,True
1800,True
1801,True
1802,False
1803,True
1804,True
1805,True
1806,False
1807,False
1808,True
1809,False
1810,False
1811,True
1812,False
1813,False
1814,True
1815,True
1816,False
1817,True
1818,True
1819,True
1820,False
1821,False
1822,True
1823,False
1824,False
1825,True
1826,True
1827,False
1828,True
1829,True
1830,False
1831,False
1832,True
1833,False
1834,True
1835,True
1836,False
1837,False
1838,False
1839,False
1840,False
1841,False
1842,True
1843,True
1844,True
1845,False
1846,False
1847,False
1848,False
1849,True
1850,False
1851,True
1852,False
1853,True
1854,False
1855,False
1856,False
1857,True
1858,False
1859,False
1860,False
1861,True
1862,True
1863,False
1864,False
1865,True
1866,True
1867,True
1868,True
1869,True
1870,True
1871,True
1872,True
1873,True
1874,True
1875,True
1876,False
1877,False
1878,False
1879,True
1880,False
1881,False
1882,False
1883,False
1884,False
1885,True
1886,True
1887,True
1888,True
1889,True
1890,False
1891,True
1892,False
1893,True
1894,True
1895,True
1896,True
1897,True
1898,False
1899,True
1900,True
1901,True
1902,False
1903,False
1904,True
1905,False
1906,False
1907,True
1908,True
1909,True
1910,True
1911,True
1912,False
1913,False
1914,False
1915,True
1916,True
1917,True
1918,True
1919,False
1920,True
1921,True
1922,False
1923,False
1924,True
1925,False
1926,False
1927,False
1928,True
1929,True
1930,True
1931,False
1932,True
1933,False
1934,False
1935,False
1936,True
1937,True
1938,False
1939,False
1940,True
1941,True
1942,True
1943,False
1944,True
1945,False
1946,True
1947,True
1948,False
1949,True
1950,True
1951,True
1952,False
1953,False
1954,False
1955,True
1956,True
1957,True
1958,True
1959,True
1960,False
1961,True
1962,False
1963,True
1964,True
1965,True
1966,False
1967,True
1968,False
1969,False
1970,False
1971,True
1972,True
1973,False
1974,True
1975,False
1976,False
1977,True
1978,False
1979,False
1980,True
1981,True
1982,False
1983,False
1984,True
1985,True
1986,False
1987,True
1988,True
1989,False
1990,False
1991,True
1992,True
1993,True
1994,False
1995,False
1996,True
1997,False
1998,False
1999,True
2000,True
2001,False
2002,False
2003,True
2004,True
2005,True
2006,False
2007,True
2008,False
2009,True
2010,True
2011,True
2012,True
2013,False
2014,True
2015,True
2016,True
2017,True
2018,False
2019,True
2020,False
2021,True
2022,True
2023,True
2024,False
2025,True
2026,False
2027,True
2028,True
2029,False
2030,False
2031,True
2032,False
2033,True
2034,False
2035,True
2036,False
2037,False
2038,True
2039,True
2040,True
2041,False
2042,True
2043,False
2044,True
2045,True
2046,True
2047,True
2048,False
2049,False
2050,True
2051,False
2052,True
2053,False
2054,False
2055,False
2056,False
2057,True
2058,False
2059,False
2060,True
2061,False
2062,False
2063,True
2064,True
2065,True
2066,False
2067,True
2068,True
2069,True
2070,False
2071,True
2072,False
2073,False
2074,True
2075,True
2076,False
2077,True
2078,True
2079,False
2080,True
2081,True
2082,True
2083,False
2084,False
2085,True
2086,True
2087,False
2088,False
2089,True
2090,False
2091,True
2092,True
2093,True
2094,True
2095,False
2096,False
2097,False
2098,True
2099,False
2100,False
2101,False
2102,True
2103,False
2104,True
2105,True
2106,True
2107,True
2108,False
2109,False
2110,False
2111,False
2112,True
2113,True
2114,False
2115,True
2116,False
2117,False
2118,True
2119,True
2120,False
2121,True
2122,True
2123,True
2124,True
2125,False
2126,True
2127,False
2128,True
2129,False
2130,True
2131,True
2132,True
2133,False
2134,False
2135,False
2136,False
2137,False
2138,False
2139,True
2140,False
2141,False
2142,False
2143,True
2144,True
2145,True
2146,True
2147,True
2148,True
2149,False
2150,False
2151,True
2152,True
2153,False
2154,False
2155,True
2156,False
2157,False
2158,False
2159,True
2160,True
2161,True
2162,True
2163,True
2164,True
2165,True
2166,True
2167,False
2168,False
2169,True
2170,True
2171,False
2172,False
2173,True
2174,True
2175,False
2176,True
2177,False
2178,False
2179,False
2180,False
2181,True
2182,True
2183,True
2184,False
2185,True
2186,True
2187,False
2188,True
2189,True
2190,True
2191,True
2192,False
2193,False
2194,True
2195,False
2196,False
2197,False
2198,True
2199,False
2200,False
2201,False
2202,True
2203,True
2204,True
2205,False
2206,False
2207,False
2208,True
2209,False
2210,True
2211,False
2212,False
2213,False
2214,False
2215,False
2216,True
2217,True
2218,False
2219,False
2220,True
2221,True
2222,False
2223,False
2224,True
2225,False
2226,False
2227,True
2228,True
2229,False
2230,False
2231,False
2232,False
2233,True
2234,True
2235,False
2236,True
2237,True
2238,True
2239,False
2240,True
2241,True
2242,True
2243,False
2244,True
2245,True
2246,False
2247,False
2248,True
2249,False
2250,True
2251,False
2252,True
2253,True
2254,True
2255,False
2256,False
2257,False
2258,True
2259,False
2260,True
2261,True
2262,False
2263,False
2264,False
2265,False
2266,False
2267,True
2268,True
2269,True
2270,False
2271,False
2272,False
2273,False
2274,False
2275,True
2276,True
2277,True
2278,False
2279,False
2280,False
2281,True
2282,True
2283,False
2284,False
2285,True
2286,False
2287,False
2288,True
2289,True
2290,True
2291,True
2292,True
2293,False
2294,False
2295,False
2296,True
2297,True
2298,True
2299,False
2300,False
2301,False
2302,False
2303,False
2304,True
2305,False
2306,True
2307,True
2308,False
2309,False
2310,True
2311,True
2312,True
2313,True
2314,False
2315,True
2316,False
2317,False
2318,False
2319,True
2320,False
2321,True
2322,False
2323,False
2324,True
2325,False
2326,False
2327,True
2328,False
2329,False
2330,True
2331,True
2332,False
2333,False
2334,True
2335,False
2336,True
2337,False
2338,False
2339,True
2340,False
2341,True
2342,False
2343,True
2344,True
2345,True
2346,False
2347,False
2348,False
2349,True
2350,False
2351,False
2352,False
2353,False
2354,True
2355,False
2356,False
2357,False
2358,False
2359,False
2360,False
2361,False
2362,True
2363,True
2364,True
2365,True
2366,True
2367,True
2368,True
2369,False
2370,True
2371,False
2372,True
2373,True
2374,False
2375,False
2376,True
2377,True
2378,False
2379,False
2380,False
2381,True
2382,True
2383,False
2384,False
2385,True
2386,False
2387,False
2388,False
2389,True
2390,True
2391,True
2392,False
2393,False
2394,False
2395,True
2396,False
2397,True
2398,True
2399,True
2400,True
2401,True
2402,False
2403,False
2404,False
2405,True
2406,False
2407,False
2408,True
2409,True
2410,True
2411,False
2412,False
2413,True
2414,False
2415,True
2416,True
2417,False
2418,True
2419,True
2420,True
2421,False
2422,False
2423,True
2424,True
2425,True
2426,False
2427,True
2428,False
2429,False
2430,True
2431,True
2432,False
2433,True
2434,False
2435,True
2436,False
2437,False
2438,False
2439,False
2440,True
2441,False
2442,True
2443,False
2444,False
2445,False
2446,False
2447,False
2448,True
2449,True
2450,True
2451,False
2452,True
2453,False
2454,True
2455,True
2456,True
2457,True
2458,True
2459,False
2460,False
2461,True
2462,False
2463,False
2464,False
2465,True
2466,False
2467,False
2468,True
2469,False
2470,False
2471,False
2472,False
2473,True
2474,False
2475,True
2476,False
2477,False
2478,True
2479,False
2480,True
2481,False
2482,True
2483,False
2484,True
2485,True
2486,False
2487,True
2488,False
2489,False
2490,True
2491,True
2492,False
2493,False
2494,True
2495,False
2496,True
2497,True
2498,False
2499,False
2500,True
2501,True
2502,False
2503,True
2504,False
2505,False
2506,False
2507,True
2508,True
2509,False
2510,False
2511,True
2512,False
2513,False
2514,True
2515,True
2516,True
2517,True
2518,False
2519,False
2520,False
2521,False
2522,True
2523,True
2524,True
2525,True
2526,True
2527,False
2528,True
2529,False
2530,True
2531,False
2532,True
2533,True
2534,False
2535,True
2536,True
2537,True
2538,False
2539,False
2540,False
2541,True
2542,True
2543,True
2544,True
2545,False
2546,True
2547,True
2548,True
2549,False
2550,False
2551,False
2552,False
2553,False
2554,False
2555,True
2556,False
2557,True
2558,True
2559,True
2560,False
2561,True
2562,True
2563,True
2564,False
2565,False
2566,False
2567,False
2568,False
2569,False
2570,False
2571,True
2572,True
2573,False
2574,False
2575,False
2576,False
2577,False
2578,False
2579,False
2580,True
2581,True
2582,False
2583,False
2584,True
2585,False
2586,False
2587,True
2588,False
2589,True
2590,False
2591,True
2592,False
2593,False
2594,False
2595,True
2596,False
2597,True
2598,False
2599,True
2600,False
2601,False
2602,False
2603,False
2604,True
2605,True
2606,False
2607,True
2608,True
2609,True
2610,True
2611,False
2612,False
2613,True
2614,False
2615,False
2616,False
2617,True
2618,False
2619,True
2620,False
2621,False
2622,False
2623,True
2624,False
2625,True
2626,True
2627,True
2628,False
2629,False
2630,True
2631,True
2632,False
2633,True
2634,False
2635,False
2636,True
2637,True
2638,True
2639,True
2640,True
2641,True
2642,False
2643,True
2644,True
2645,False
2646,True
2647,True
2648,True
2649,True
2650,False
2651,False
2652,True
2653,False
2654,True
2655,True
2656,False
2657,False
2658,True
2659,False
2660,True
2661,True
2662,True
2663,False
2664,False
2665,False
2666,True
2667,False
2668,False
2669,False
2670,True
2671,False
2672,False
2673,False
2674,True
2675,False
2676,False
2677,True
2678,False
2679,False
2680,True
2681,True
2682,False
2683,False
2684,True
2685,False
2686,True
2687,True
2688,True
2689,False
2690,False
2691,True
2692,False
2693,False
2694,False
2695,True
2696,False
2697,False
2698,True
2699,False
2700,False
2701,True
2702,False
2703,True
2704,False
2705,False
2706,False
2707,False
2708,False
2709,False
2710,True
2711,False
2712,False
2713,False
2714,True
2715,False
2716,False
2717,False
2718,False
2719,True
2720,True
2721,True
2722,False
2723,True
2724,False
2725,False
2726,False
2727,False
2728,False
2729,True
2730,False
2731,False
2732,False
2733,True
2734,True
2735,False
2736,False
2737,False
2738,False
2739,True
2740,False
2741,True
2742,True
2743,False
2744,False
2745,True
2746,False
2747,True
2748,False
2749,False
2750,True
2751,True
2752,True
2753,True
2754,True
2755,False
2756,False
2757,True
2758,False
2759,True
2760,False
2761,False
2762,False
2763,True
2764,False
2765,False
2766,True
2767,False
2768,False
2769,True
2770,False
2771,True
2772,True
2773,True
2774,False
2775,True
2776,True
2777,True
2778,False
2779,True
2780,True
2781,False
2782,True
2783,False
2784,False
2785,True
2786,False
2787,True
2788,True
2789,True
2790,True
2791,True
2792,False
2793,False
2794,True
2795,True
2796,True
2797,True
2798,True
2799,True
2800,False
2801,False
2802,False
2803,False
2804,True
2805,False
2806,True
2807,True
2808,True
2809,False
2810,True
2811,True
2812,False
2813,True
2814,False
2815,True
2816,False
2817,False
2818,True
2819,True
2820,True
2821,False
2822,True
2823,True
2824,False
2825,False
2826,False
2827,False
2828,False
2829,False
2830,False
2831,True
2832,False
2833,False
2834,False
2835,True
2836,True
2837,False
2838,True
2839,False
2840,True
2841,False
2842,True
2843,True
2844,False
2845,True
2846,False
2847,False
2848,False
2849,False
2850,True
2851,False
2852,False
2853,True
2854,True
2855,False
2856,True
2857,True
2858,False
2859,True
2860,False
2861,False
2862,True
2863,True
2864,True
2865,False
2866,False
2867,False
2868,False
2869,False
2870,False
2871,True
2872,False
2873,True
2874,True
2875,True
2876,False
2877,False
2878,True
2879,False
2880,True
2881,False
2882,False
2883,True
2884,True
2885,True
2886,True
2887,True
2888,True
2889,False
2890,True
2891,False
2892,False
2893,False
2894,False
2895,False
2896,True
2897,True
2898,False
2899,False
2900,True
2901,True
2902,False
2903,True
2904,True
2905,False
2906,True
2907,True
2908,False
2909,False
2910,False
2911,False
2912,True
2913,False
2914,False
2915,True
2916,True
2917,True
2918,False
2919,False
2920,False
2921,False
2922,False
2923,True
2924,True
2925,True
2926,False
2927,True
2928,True
2929,True
2930,False
2931,True
2932,True
2933,False
2934,True
2935,False
2936,True
2937,True
2938,True
2939,True
2940,True
2941,False
2942,True
2943,False
2944,False
2945,True
2946,False
2947,False
2948,True
2949,True
2950,True
2951,False
2952,True
2953,True
2954,True
2955,True
2956,False
2957,False
2958,True
2959,False
2960,True
2961,False
2962,False
2963,False
2964,True
2965,False
2966,True
2967,False
2968,False
2969,True
2970,True
2971,True
2972,False
2973,False
2974,False
2975,True
2976,True
2977,True
2978,True
2979,True
2980,True
2981,False
2982,True
2983,True
2984,True
2985,True
2986,False
2987,True
2988,True
2989,True
2990,False
2991,True
2992,True
2993,True
2994,True
2995,True
2996,True
2997,False
2998,True
2999,False
3000,False
3001,False
3002,False
3003,True
3004,True
3005,False
3006,True
3007,True
3008,False
3009,False
3010,True
3011,True
3012,False
3013,False
3014,False
3015,False
3016,True
3017,False
3018,False
3019,True
3020,True
3021,True
3022,True
3023,False
3024,True
3025,False
3026,False
3027,False
3028,True
3029,False
3030,False
3031,True
3032,False
3033,False
3034,False
3035,False
3036,False
3037,True
3038,True
3039,False
3040,True
3041,False
3042,False
3043,False
3044,True
3045,False
3046,True
3047,False
3048,False
3049,True
3050,True
3051,False
3052,False
3053,True
3054,True
3055,True
3056,True
3057,True
3058,True
3059,False
3060,False
3061,False
3062,True
3063,False
3064,False
3065,False
3066,False
3067,True
3068,True
3069,False
3070,False
3071,True
3072,False
3073,True
3074,True
3075,True
3076,False
3077,True
3078,True
3079,True
3080,False
3081,True
3082,True
3083,True
3084,True
3085,True
3086,False
3087,True
3088,True
3089,True
3090,True
3091,True
3092,True
3093,True
3094,True
3095,False
3096,True
3097,False
3098,False
3099,True
3100,False
3101,True
3102,True
3103,False
3104,False
3105,False
3106,True
3107,True
3108,True
3109,False
3110,False
3111,False
3112,True
3113,True
3114,True
3115,True
3116,False
3117,False
3118,False
3119,False
3120,False
3121,False
3122,True
3123,False
3124,True
3125,False
3126,True
3127,False
3128,True
3129,False
3130,True
3131,True
3132,False
3133,True
3134,True
3135,True
3136,True
3137,True
3138,True
3139,False
3140,True
3141,False
3142,True
3143,True
3144,True
3145,False
3146,True
3147,True
3148,True
3149,True
3150,True
3151,False
3152,True
3153,True
3154,True
3155,True
3156,True
3157,False
3158,False
3159,False
3160,False
3161,False
3162,False
3163,False
3164,False
3165,True
3166,True
3167,True
3168,False
3169,False
3170,True
3171,True
3172,True
3173,False
3174,True
3175,True
3176,False
3177,False
3178,True
3179,False
3180,True
3181,False
3182,False
3183,True
3184,True
3185,False
3186,False
3187,True
3188,False
3189,False
3190,False
3191,False
3192,True
3193,False
3194,False
3195,False
3196,False
3197,True
3198,True
3199,False
3200,True
3201,True
3202,False
3203,True
3204,True
3205,False
3206,False
3207,True
3208,True
3209,True
3210,False
3211,True
3212,False
3213,False
3214,True
3215,False
3216,True
3217,True
3218,True
3219,False
3220,True
3221,False
3222,True
3223,True
3224,False
3225,False
3226,False
3227,False
3228,True
3229,False
3230,True
3231,True
3232,True
3233,False
3234,False
3235,True
3236,False
3237,False
3238,False
3239,False
3240,True
3241,True
3242,False
3243,False
3244,False
3245,False
3246,False
3247,True
3248,True
3249,True
3250,False
3251,False
3252,False
3253,True
3254,True
3255,True
3256,True
3257,False
3258,True
3259,True
3260,True
3261,False
3262,True
3263,False
3264,True
3265,True
3266,False
3267,True
3268,True
3269,False
3270,False
3271,False
3272,False
3273,False
3274,False
3275,False
3276,True
3277,True
3278,False
3279,True
3280,False
3281,True
3282,False
3283,True
3284,True
3285,True
3286,True
3287,True
3288,True
3289,False
3290,True
3291,False
3292,True
3293,True
3294,False
3295,False
3296,False
3297,False
3298,True
3299,True
3300,False
3301,False
3302,True
3303,True
3304,True
3305,True
3306,True
3307,False
3308,True
3309,True
3310,False
3311,False
3312,False
3313,True
3314,False
3315,True
3316,True
3317,True
3318,False
3319,False
3320,True
3321,True
3322,True
3323,False
3324,True
3325,True
3326,True
3327,True
3328,True
3329,False
3330,True
3331,False
3332,True
3333,True
3334,True
3335,False
3336,True
3337,False
3338,True
3339,True
3340,True
3341,True
3342,True
3343,True
3344,False
3345,True
3346,False
3347,True
3348,True
3349,False
3350,False
3351,False
3352,False
3353,True
3354,True
3355,False
3356,True
3357,True
3358,False
3359,False
3360,True
3361,False
3362,True
3363,True
3364,False
3365,False
3366,True
3367,False
3368,True
3369,True
3370,True
3371,True
3372,True
3373,True
3374,False
3375,True
3376,True
3377,False
3378,True
3379,False
3380,False
3381,False
3382,True
3383,False
3384,False
3385,False
3386,True
3387,True
3388,True
3389,True
3390,True
3391,False
3392,True
3393,False
3394,True
3395,True
3396,True
3397,False
3398,False
3399,True
3400,True
3401,False
3402,False
3403,False
3404,True
3405,False
3406,True
3407,False
3408,True
3409,True
3410,False
3411,True
3412,False
3413,True
3414,True
3415,True
3416,True
3417,False
3418,True
3419,False
3420,True
3421,True
3422,True
3423,False
3424,False
3425,False
3426,False
3427,True
3428,False
3429,False
3430,False
3431,True
3432,True
3433,True
3434,False
3435,False
3436,True
3437,False
3438,True
3439,True
3440,False
3441,True
3442,False
3443,True
3444,True
3445,True
3446,False
3447,False
3448,True
3449,True
3450,False
3451,True
3452,True
3453,True
3454,False
3455,True
3456,True
3457,False
3458,False
3459,False
3460,True
3461,True
3462,False
3463,False
3464,True
3465,True
3466,True
3467,True
3468,True
3469,True
3470,True
3471,False
3472,True
3473,True
3474,False
3475,True
3476,True
3477,True
3478,False
3479,True
3480,False
3481,False
3482,True
3483,True
3484,False
3485,True
3486,False
3487,True
3488,False
3489,True
3490,False
3491,True
3492,True
3493,False
3494,True
3495,True
3496,True
3497,True
3498,False
3499,False
3500,False
3501,False
3502,False
3503,True
3504,True
3505,False
3506,True
3507,True
3508,True
3509,False
3510,True
3511,True
3512,False
3513,False
3514,False
3515,False
3516,False
3517,True
3518,True
3519,True
3520,True
3521,False
3522,True
3523,False
3524,True
3525,True
3526,False
3527,False
3528,False
3529,True
3530,True
3531,True
3532,True
3533,True
3534,True
3535,True
3536,True
3537,True
3538,False
3539,True
3540,True
3541,True
3542,False
3543,False
3544,True
3545,True
3546,False
3547,True
3548,False
3549,False
3550,True
3551,False
3552,False
3553,False
3554,False
3555,True
3556,True
3557,False
3558,True
3559,True
3560,False
3561,True
3562,False
3563,True
3564,True
3565,True
3566,True
3567,True
3568,False
3569,False
3570,False
3571,True
3572,True
3573,True
3574,True
3575,True
3576,False
3577,False
3578,True
3579,True
3580,True
3581,False
3582,False
3583,True
3584,False
3585,False
3586,False
3587,True
3588,False
3589,True
3590,True
3591,True
3592,True
3593,False
3594,True
3595,False
3596,True
3597,True
3598,True
3599,True
3600,False
3601,True
3602,True
3603,True
3604,True
3605,True
3606,False
3607,False
3608,True
3609,True
3610,True
3611,True
3612,False
3613,True
3614,True
3615,True
3616,False
3617,True
3618,False
3619,True
3620,True
3621,True
3622,False
3623,True
3624,True
3625,True
3626,True
3627,True
3628,True
3629,False
3630,True
3631,False
3632,True
3633,False
3634,False
3635,True
3636,False
3637,True
3638,False
3639,False
3640,True
3641,True
3642,True
3643,True
3644,True
3645,True
3646,False
3647,True
3648,False
3649,True
3650,True
3651,False
3652,True
3653,False
3654,True
3655,True
3656,False
3657,True
3658,True
3659,True
3660,False
3661,True
3662,False
3663,False
3664,False
3665,False
3666,False
3667,False
3668,True
3669,True
3670,True
3671,False
3672,True
3673,False
3674,True
3675,True
3676,False
3677,False
3678,True
3679,False
3680,True
3681,False
3682,False
3683,False
3684,False
3685,False
3686,True
3687,True
3688,False
3689,False
3690,True
3691,True
3692,True
3693,True
3694,True
3695,True
3696,False
3697,False
3698,True
3699,False
3700,True
3701,True
3702,True
3703,False
3704,False
3705,True
3706,True
3707,True
3708,False
3709,True
3710,True
3711,False
3712,False
3713,False
3714,False
3715,False
3716,True
3717,False
3718,False
3719,True
3720,False
3721,True
3722,False
3723,False
3724,False
3725,False
3726,True
3727,False
3728,False
3729,True
3730,True
3731,False
3732,False
3733,False
3734,True
3735,False
3736,True
3737,True
3738,False
3739,True
3740,False
3741,True
3742,True
3743,True
3744,True
3745,True
3746,True
3747,False
3748,True
3749,False
3750,False
3751,False
3752,False
3753,True
3754,False
3755,True
3756,True
3757,True
3758,True
3759,True
3760,True
3761,True
3762,False
3763,False
3764,False
3765,True
3766,False
3767,True
3768,False
3769,True
3770,False
3771,False
3772,True
3773,False
3774,True
3775,False
3776,False
3777,False
3778,False
3779,True
3780,True
3781,False
3782,True
3783,False
3784,False
3785,True
3786,False
3787,True
3788,True
3789,True
3790,False
3791,False
3792,True
3793,True
3794,True
3795,False
3796,False
3797,False
3798,True
3799,True
3800,False
3801,False
3802,True
3803,False
3804,True
3805,False
3806,True
3807,True
3808,False
3809,False
3810,True
3811,True
3812,True
3813,False
3814,False
3815,False
3816,False
3817,True
3818,False
3819,True
3820,False
3821,False
3822,False
3823,False
3824,False
3825,True
3826,False
3827,True
3828,True
3829,False
3830,True
3831,False
3832,False
3833,True
3834,False
3835,False
3836,False
3837,True
3838,True
3839,True
3840,False
3841,True
3842,True
3843,True
3844,True
3845,False
3846,True
3847,True
3848,True
3849,False
3850,True
3851,True
3852,True
3853,True
3854,False
3855,False
3856,False
3857,False
3858,False
3859,False
3860,False
3861,False
3862,True
3863,True
3864,False
3865,True
3866,False
3867,False
3868,True
3869,False
3870,False
3871,False
3872,False
3873,True
3874,False
3875,False
3876,True
3877,False
3878,True
3879,True
3880,True
3881,True
3882,False
3883,True
3884,True
3885,False
3886,True
3887,True
3888,False
3889,False
3890,True
3891,True
3892,False
3893,False
3894,True
3895,False
3896,True
3897,True
3898,False
3899,False
3900,True
3901,False
3902,True
3903,True
3904,False
3905,False
3906,False
3907,False
3908,True
3909,True
3910,True
3911,True
3912,True
3913,True
3914,False
3915,True
3916,True
3917,True
3918,True
3919,True
3920,False
3921,True
3922,True
3923,False
3924,False
3925,False
3926,False
3927,False
3928,False
3929,True
3930,False
3931,True
3932,True
3933,False
3934,False
3935,False
3936,False
3937,True
3938,True
3939,False
3940,False
3941,True
3942,False
3943,False
3944,True
3945,True
3946,True
3947,False
3948,False
3949,True
3950,False
3951,True
3952,False
3953,True
3954,False
3955,True
3956,True
3957,False
3958,False
3959,True
3960,True
3961,False
3962,False
3963,False
3964,True
3965,False
3966,False
3967,True
3968,False
3969,True
3970,True
3971,True
3972,False
3973,False
3974,True
3975,True
3976,False
3977,True
3978,False
3979,True
3980,False
3981,True
3982,False
3983,True
3984,True
3985,True
3986,True
3987,True
3988,True
3989,False
3990,False
3991,False
3992,True
3993,False
3994,False
3995,False
3996,False
3997,True
3998,True
3999,False
4000,True
4001,True
4002,True
4003,True
4004,False
4005,False
4006,True
4007,False
4008,False
4009,False
4010,False
4011,False
4012,True
4013,False
4014,False
4015,False
4016,False
4017,True
4018,False
4019,True
4020,False
4021,True
4022,False
4023,True
4024,True
4025,False
4026,False
4027,False
4028,False
4029,True
4030,True
4031,False
4032,True
4033,False
4034,False
4035,True
4036,False
4037,True
4038,False
4039,True
4040,False
4041,True
4042,True
4043,True
4044,False
4045,True
4046,False
4047,True
4048,False
4049,True
4050,False
4051,False
4052,False
4053,True
4054,True
4055,False
4056,False
4057,True
4058,False
4059,False
4060,True
4061,False
4062,False
4063,False
4064,False
4065,False
4066,False
4067,False
4068,False
4069,True
4070,True
4071,False
4072,False
4073,False
4074,True
4075,False
4076,False
4077,True
4078,True
4079,False
4080,True
4081,False
4082,False
4083,True
4084,False
4085,False
4086,True
4087,False
4088,True
4089,True
4090,False
4091,True
4092,False
4093,True
4094,True
4095,False
4096,True
4097,False
4098,True
4099,True
4100,True
4101,False
4102,False
4103,False
4104,False
4105,True
4106,False
4107,True
4108,True
4109,True
4110,True
4111,False
4112,True
4113,True
4114,False
4115,False
4116,False
4117,True
4118,False
4119,False
4120,True
4121,False
4122,True
4123,False
4124,True
4125,False
4126,False
4127,True
4128,False
4129,False
4130,False
4131,False
4132,True
4133,True
4134,False
4135,False
4136,False
4137,False
4138,True
4139,True
4140,True
4141,True
4142,True
4143,True
4144,True
4145,True
4146,True
4147,True
4148,True
4149,True
4150,False
4151,False
4152,True
4153,True
4154,False
4155,False
4156,True
4157,False
4158,False
4159,False
4160,False
4161,False
4162,False
4163,True
4164,True
4165,True
4166,False
4167,True
4168,False
4169,False
4170,True
4171,True
4172,False
4173,True
4174,True
4175,False
4176,False
4177,False
4178,True
4179,False
4180,True
4181,True
4182,True
4183,False
4184,True
4185,True
4186,True
4187,False
4188,True
4189,True
4190,True
4191,True
4192,True
4193,False
4194,False
4195,False
4196,False
4197,True
4198,False
4199,True
4200,False
4201,False
4202,False
4203,False
4204,True
4205,True
4206,False
4207,False
4208,False
4209,True
4210,True
4211,True
4212,False
4213,True
4214,True
4215,True
4216,True
4217,False
4218,False
4219,True
4220,True
4221,False
4222,False
4223,False
4224,False
4225,True
4226,False
4227,False
4228,False
4229,True
4230,False
4231,False
4232,False
4233,True
4234,True
4235,True
4236,False
4237,False
4238,True
4239,False
4240,False
4241,False
4242,False
4243,True
4244,False
4245,True
4246,True
4247,True
4248,False
4249,True
4250,False
4251,False
4252,False
4253,False
4254,True
4255,False
4256,True
4257,True
4258,True
4259,True
4260,False
4261,False
4262,True
4263,False
4264,True
4265,False
4266,True
4267,True
4268,False
4269,True
4270,True
4271,False
4272,True
4273,False
4274,True
4275,False
4276,False
4277,True
4278,False
4279,False
4280,False
4281,False
4282,True
4283,False
4284,True
4285,True
4286,True
4287,True
4288,True
4289,True
4290,False
4291,True
4292,True
4293,False
4294,False
4295,False
4296,False
4297,False
4298,False
4299,False
4300,False
4301,True
4302,True
4303,False
4304,True
4305,False
4306,False
4307,False
4308,False
4309,False
4310,False
4311,False
4312,True
4313,False
4314,True
4315,False
4316,False
4317,True
4318,True
4319,False
4320,True
4321,False
4322,False
4323,False
4324,True
4325,False
4326,False
4327,False
4328,True
4329,False
4330,True
4331,True
4332,False
4333,True
4334,True
4335,True
4336,False
4337,True
4338,False
4339,False
4340,False
4341,True
4342,False
4343,True
4344,False
4345,True
4346,True
4347,False
4348,True
4349,False
4350,True
4351,False
4352,True
4353,False
4354,True
4355,True
4356,True
4357,True
4358,False
4359,False
4360,True
4361,False
4362,True
4363,True
4364,True
4365,False
4366,False
4367,False
4368,True
4369,True
4370,True
4371,False
4372,False
4373,True
4374,True
4375,False
4376,True
4377,True
4378,True
4379,False
4380,True
4381,True
4382,True
4383,False
4384,False
4385,False
4386,False
4387,True
4388,False
4389,False
4390,False
4391,False
4392,False
4393,True
4394,True
4395,False
4396,False
4397,False
4398,True
4399,True
4400,False
4401,True
4402,True
4403,False
4404,False
4405,True
4406,False
4407,True
4408,False
4409,True
4410,True
4411,False
4412,True
4413,False
4414,False
4415,True
4416,True
4417,True
4418,False
4419,True
4420,True
4421,True
4422,True
4423,False
4424,False
4425,False
4426,True
4427,False
4428,True
4429,True
4430,False
4431,True
4432,True
4433,True
4434,False
4435,False
4436,True
4437,True
4438,False
4439,False
4440,True
4441,False
4442,True
4443,True
4444,False
4445,True
4446,True
4447,True
4448,True
4449,True
4450,False
4451,False
4452,False
4453,True
4454,True
4455,True
4456,True
4457,True
4458,True
4459,False
4460,False
4461,False
4462,True
4463,True
4464,True
4465,True
4466,False
4467,False
4468,False
4469,False
4470,True
4471,False
4472,False
4473,True
4474,True
4475,True
4476,False
4477,False
4478,False
4479,True
4480,False
4481,False
4482,False
4483,False
4484,False
4485,True
4486,True
4487,True
4488,True
4489,True
4490,False
4491,False
4492,False
4493,False
4494,True
4495,True
4496,True
4497,True
4498,True
4499,True
4500,True
4501,False
4502,True
4503,False
4504,False
4505,True
4506,False
4507,False
4508,False
4509,True
4510,False
4511,True
4512,True
4513,False
4514,True
4515,False
4516,True
4517,True
4518,True
4519,True
4520,False
4521,True
4522,False
4523,True
4524,True
4525,False
4526,True
4527,True
4528,False
4529,False
4530,False
4531,False
4532,True
4533,False
4534,False
4535,True
4536,True
4537,True
4538,True
4539,False
4540,False
4541,False
4542,False
4543,False
4544,False
4545,False
4546,False
4547,False
4548,True
4549,True
4550,False
4551,False
4552,False
4553,True
4554,True
4555,False
4556,False
4557,True
4558,True
4559,False
4560,True
4561,True
4562,False
4563,False
4564,True
4565,False
4566,True
4567,False
4568,True
4569,True
4570,True
4571,False
4572,False
4573,True
4574,False
4575,True
4576,False
4577,True
4578,False
4579,True
4580,True
4581,True
4582,False
4583,False
4584,False
4585,False
4586,True
4587,True
4588,False
4589,True
4590,False
4591,False
4592,True
4593,True
4594,False
4595,False
4596,False
4597,False
4598,False
4599,True
4600,True
4601,True
4602,True
4603,False
4604,False
4605,True
4606,True
4607,False
4608,False
4609,True
4610,True
4611,False
4612,False
4613,True
4614,True
4615,False
4616,False
4617,False
4618,True
4619,False
4620,True
4621,True
4622,False
4623,False
4624,False
4625,True
4626,True
4627,False
4628,True
4629,True
4630,True
4631,False
4632,True
4633,True
4634,True
4635,True
4636,False
4637,False
4638,True
4639,True
4640,True
4641,True
4642,True
4643,True
4644,False
4645,True
4646,True
4647,False
4648,True
4649,True
4650,True
4651,True
4652,True
4653,False
4654,True
4655,True
4656,True
4657,False
4658,True
4659,True
4660,False
4661,True
4662,False
4663,True
4664,False
4665,False
4666,True
4667,True
4668,False
4669,False
4670,False
4671,True
4672,False
4673,True
4674,True
4675,False
4676,False
4677,True
4678,False
4679,False
4680,False
4681,False
4682,False
4683,True
4684,True
4685,True
4686,True
4687,False
4688,True
4689,False
4690,True
4691,False
4692,False
4693,True
4694,True
4695,True
4696,True
4697,False
4698,False
4699,True
4700,True
4701,False
4702,True
4703,True
4704,True
4705,False
4706,True
4707,True
4708,False
4709,True
4710,True
4711,True
4712,False
4713,False
4714,False
4715,True
4716,True
4717,False
4718,True
4719,False
4720,False
4721,False
4722,True
4723,True
4724,True
4725,False
4726,False
4727,True
4728,False
4729,True
4730,False
4731,False
4732,True
4733,False
4734,True
4735,True
4736,False
4737,False
4738,True
4739,False
4740,False
4741,True
4742,True
4743,False
4744,False
4745,False
4746,False
4747,False
4748,False
4749,True
4750,True
4751,True
4752,True
4753,False
4754,False
4755,False
4756,True
4757,True
4758,True
4759,False
4760,True
4761,True
4762,True
4763,False
4764,True
4765,False
4766,True
4767,True
4768,True
4769,False
4770,True
4771,False
4772,True
4773,True
4774,False
4775,True
4776,True
4777,True
4778,False
4779,False
4780,False
4781,True
4782,True
4783,True
4784,False
4785,False
4786,True
4787,False
4788,False
4789,True
4790,True
4791,True
4792,False
4793,True
4794,True
4795,True
4796,True
4797,True
4798,False
4799,True
4800,True
4801,False
4802,False
4803,False
4804,True
4805,True
4806,True
4807,False
4808,False
4809,False
4810,False
4811,False
4812,True
4813,False
4814,True
4815,False
4816,True
4817,True
4818,False
4819,False
4820,True
4821,True
4822,False
4823,False
4824,True
4825,True
4826,False
4827,True
4828,False
4829,False
4830,True
4831,False
4832,False
4833,False
4834,True
4835,False
4836,True
4837,True
4838,False
4839,False
4840,False
4841,True
4842,True
4843,False
4844,False
4845,False
4846,True
4847,True
4848,False
4849,False
4850,True
4851,False
4852,True
4853,False
4854,True
4855,True
4856,False
4857,False
4858,True
4859,False
4860,True
4861,False
4862,False
4863,True
4864,False
4865,False
4866,False
4867,True
4868,True
4869,True
4870,False
4871,True
4872,False
4873,False
4874,True
4875,True
4876,False
4877,False
4878,False
4879,True
4880,True
4881,True
4882,True
4883,False
4884,True
4885,True
4886,False
4887,False
4888,False
4889,False
4890,True
4891,False
4892,True
4893,True
4894,False
4895,True
4896,False
4897,False
4898,False
4899,False
4900,False
4901,False
4902,False
4903,True
4904,True
4905,True
4906,False
4907,True
4908,False
4909,False
4910,False
4911,True
4912,True
4913,True
4914,False
4915,False
4916,False
4917,True
4918,True
4919,False
4920,True
4921,False
4922,False
4923,True
4924,False
4925,True
4926,True
4927,True
4928,False
4929,False
4930,False
4931,True
4932,False
4933,False
4934,True
4935,True
4936,False
4937,True
4938,False
4939,True
4940,True
4941,True
4942,True
4943,True
4944,False
4945,False
4946,True
4947,False
4948,True
4949,True
4950,False
4951,True
4952,True
4953,True
4954,False
4955,True
4956,False
4957,True
4958,False
4959,False
4960,True
4961,True
4962,False
4963,False
4964,True
4965,True
4966,True
4967,True
4968,True
4969,False
4970,False
4971,True
4972,True
4973,False
4974,False
4975,False
4976,False
4977,True
4978,False
4979,False
4980,True
4981,True
4982,True
4983,False
4984,False
4985,False
4986,False
4987,True
4988,False
4989,False
4990,True
4991,True
4992,False
4993,False
4994,False
4995,True
4996,True
4997,True
4998,True
4999,False
5000,False
5001,False
5002,False
5003,True
5004,True
5005,False
5006,True
5007,True
5008,True
5009,True
5010,False
5011,False
5012,False
5013,True
5014,True
5015,True
5016,True
5017,False
5018,False
5019,True
5020,True
5021,True
5022,True
5023,False
5024,False
5025,True
5026,True
5027,True
5028,False
5029,True
5030,False
5031,True
5032,True
5033,False
5034,True
5035,True
5036,True
5037,True
5038,False
5039,False
5040,False
5041,True
5042,True
5043,False
5044,True
5045,True
5046,True
5047,False
5048,True
5049,True
5050,True
5051,False
5052,True
5053,False
5054,False
5055,False
5056,True
5057,True
5058,True
5059,True
5060,True
5061,False
5062,False
5063,False
5064,False
5065,False
5066,True
5067,True
5068,True
5069,True
5070,False
5071,True
5072,False
5073,True
5074,True
5075,True
5076,True
5077,False
5078,True
5079,True
5080,False
5081,False
5082,False
5083,True
5084,False
5085,False
5086,False
5087,False
5088,True
5089,True
5090,True
5091,True
5092,False
5093,False
5094,False
5095,False
5096,False
5097,True
5098,False
5099,True
5100,False
5101,False
5102,False
5103,True
5104,False
5105,False
5106,False
5107,False
5108,True
5109,True
5110,True
5111,True
5112,False
5113,True
5114,False
5115,True
5116,True
5117,False
5118,True
5119,True
5120,False
5121,False
5122,False
5123,False
5124,False
5125,True
5126,True
5127,False
5128,True
5129,True
5130,False
5131,False
5132,False
5133,False
5134,False
5135,True
5136,False
5137,True
5138,False
5139,False
5140,False
5141,True
5142,False
5143,True
5144,False
5145,False
5146,False
5147,False
5148,True
5149,False
5150,True
5151,False
5152,False
5153,False
5154,False
5155,True
5156,False
5157,True
5158,False
5159,True
5160,True
5161,True
5162,True
5163,False
5164,True
5165,True
5166,True
5167,True
5168,False
5169,True
5170,False
5171,True
5172,False
5173,True
5174,True
5175,False
5176,True
5177,True
5178,True
5179,False
5180,False
5181,False
5182,True
5183,True
5184,False
5185,True
5186,True
5187,False
5188,True
5189,True
5190,True
5191,True
5192,False
5193,False
5194,False
5195,False
5196,True
5197,True
5198,False
5199,False
5200,False
5201,True
5202,True
5203,True
5204,False
5205,False
5206,False
5207,True
5208,False
5209,False
5210,True
5211,False
5212,True
5213,False
5214,True
5215,True
5216,True
5217,False
5218,True
5219,True
5220,True
5221,True
5222,False
5223,False
5224,False
5225,True
5226,False
5227,False
5228,True
5229,False
5230,True
5231,False
5232,False
5233,True
5234,True
5235,True
5236,True
5237,False
5238,True
5239,False
5240,False
5241,True
5242,False
5243,True
5244,False
5245,False
5246,False
5247,False
5248,False
5249,False
5250,False
5251,True
5252,False
5253,True
5254,False
5255,True
5256,True
5257,False
5258,True
5259,True
5260,False
5261,False
5262,True
5263,True
5264,True
5265,False
5266,True
5267,False
5268,True
5269,True
5270,True
5271,True
5272,False
5273,False
5274,False
5275,True
5276,True
5277,False
5278,False
5279,True
5280,False
5281,True
5282,False
5283,False
5284,True
5285,True
5286,True
5287,True
5288,False
5289,False
5290,True
5291,False
5292,False
5293,True
5294,True
5295,True
5296,True
5297,False
5298,True
5299,True
5300,True
5301,True
5302,True
5303,True
5304,True
5305,True
5306,False
5307,False
5308,True
5309,False
5310,True
5311,False
5312,True
5313,False
5314,True
5315,False
5316,True
5317,True
5318,False
5319,True
5320,True
5321,False
5322,False
5323,True
5324,False
5325,False
5326,False
5327,False
5328,True
5329,True
5330,True
5331,True
5332,False
5333,True
5334,False
5335,True
5336,False
5337,False
5338,True
5339,True
5340,False
5341,False
5342,True
5343,True
5344,False
5345,True
5346,True
5347,False
5348,False
5349,False
5350,True
5351,True
5352,False
5353,True
5354,True
5355,True
5356,False
5357,False
5358,False
5359,True
5360,True
5361,False
5362,True
5363,False
5364,True
5365,False
5366,True
5367,True
5368,False
5369,True
5370,True
5371,False
5372,True
5373,False
5374,False
5375,True
5376,False
5377,False
5378,False
5379,True
5380,True
5381,True
5382,True
5383,False
5384,True
5385,True
5386,False
5387,False
5388,False
5389,True
5390,True
5391,False
5392,False
5393,False
5394,True
5395,False
5396,False
5397,False
5398,True
5399,True
5400,False
5401,True
5402,False
5403,True
5404,True
5405,True
5406,True
5407,False
5408,False
5409,True
5410,False
5411,True
5412,False
5413,False
5414,True
5415,False
5416,False
5417,True
5418,True
5419,False
5420,True
5421,False
5422,True
5423,True
5424,True
5425,True
5426,False
5427,True
5428,False
5429,False
5430,True
5431,False
5432,True
5433,False
5434,True
5435,True
5436,True
5437,False
5438,False
5439,True
5440,True
5441,True
5442,True
5443,True
5444,False
5445,False
5446,True
5447,False
5448,False
5449,True
5450,True
5451,False
5452,False
5453,True
5454,True
5455,True
5456,True
5457,False
5458,True
5459,False
5460,True
5461,True
5462,False
5463,True
5464,False
5465,True
5466,False
5467,True
5468,False
5469,True
5470,False
5471,True
5472,False
5473,True
5474,True
5475,True
5476,True
5477,True
5478,False
5479,False
5480,False
5481,True
5482,False
5483,True
5484,True
5485,False
5486,True
5487,True
5488,False
5489,False
5490,False
5491,False
5492,False
5493,True
5494,False
5495,False
5496,True
5497,True
5498,True
5499,False
5500,True
5501,False
5502,True
5503,False
5504,True
5505,False
5506,True
5507,False
5508,False
5509,False
5510,False
5511,True
5512,False
5513,False
5514,False
5515,True
5516,True
5517,False
5518,True
5519,True
5520,False
5521,True
5522,True
5523,False
5524,True
5525,False
5526,True
5527,True
5528,False
5529,True
5530,False
5531,False
5532,False
5533,False
5534,True
5535,False
5536,False
5537,False
5538,True
5539,True
5540,False
5541,True
5542,True
5543,False
5544,False
5545,True
5546,False
5547,True
5548,False
5549,False
5550,True
5551,False
5552,False
5553,False
5554,False
5555,False
5556,False
5557,True
5558,False
5559,False
5560,True
5561,False
5562,False
5563,True
5564,True
5565,True
5566,True
5567,False
5568,False
5569,False
5570,False
5571,True
5572,True
5573,False
5574,False
5575,True
5576,False
5577,False
5578,False
5579,False
5580,False
5581,False
5582,True
5583,True
5584,True
5585,False
5586,True
5587,False
5588,False
5589,True
5590,False
5591,False
5592,True
5593,True
5594,False
5595,True
5596,False
5597,False
5598,False
5599,False
5600,False
5601,True
5602,False
5603,True
5604,True
5605,False
5606,True
5607,False
5608,True
5609,False
5610,False
5611,True
5612,False
5613,True
5614,True
5615,True
5616,True
5617,False
5618,False
5619,False
5620,False
5621,False
5622,True
5623,False
5624,False
5625,True
5626,False
5627,True
5628,True
5629,True
5630,False
5631,True
5632,False
5633,False
5634,False
5635,False
5636,True
5637,False
5638,True
5639,False
5640,False
5641,False
5642,True
5643,True
5644,True
5645,False
5646,False
5647,False
5648,False
5649,False
5650,False
5651,True
5652,True
5653,False
5654,True
5655,False
5656,True
5657,True
5658,True
5659,False
5660,True
5661,True
5662,True
5663,False
5664,True
5665,True
5666,True
5667,False
5668,False
5669,False
5670,True
5671,False
5672,False
5673,False
5674,True
5675,True
5676,True
5677,False
5678,True
5679,False
5680,True
5681,True
5682,False
5683,True
5684,False
5685,False
5686,False
5687,True
5688,False
5689,False
5690,False
5691,False
5692,True
5693,False
5694,False
5695,True
5696,True
5697,True
5698,True
5699,True
5700,True
5701,True
5702,True
5703,True
5704,False
5705,True
5706,False
5707,False
5708,True
5709,True
5710,False
5711,False
5712,True
5713,False
5714,True
5715,False
5716,False
5717,True
5718,True
5719,False
5720,False
5721,True
5722,False
5723,True
5724,False
5725,True
5726,False
5727,True
5728,True
5729,False
5730,False
5731,False
5732,False
5733,True
5734,False
5735,True
5736,True
5737,False
5738,False
5739,True
5740,True
5741,False
5742,False
5743,False
5744,True
5745,True
5746,True
5747,False
5748,True
5749,True
5750,True
5751,False
5752,False
5753,True
5754,True
5755,False
5756,True
5757,False
5758,False
5759,False
5760,True
5761,True
5762,False
5763,False
5764,False
5765,True
5766,True
5767,True
5768,False
5769,True
5770,False
5771,True
5772,False
5773,True
5774,True
5775,True
5776,False
5777,False
5778,False
5779,False
5780,False
5781,False
5782,True
5783,True
5784,False
5785,True
5786,True
5787,False
5788,False
5789,False
5790,True
5791,False
5792,False
5793,True
5794,False
5795,False
5796,False
5797,False
5798,True
5799,False
5800,False
5801,True
5802,True
5803,True
5804,False
5805,True
5806,True
5807,False
5808,False
5809,False
5810,False
5811,True
5812,False
5813,False
5814,False
5815,False
5816,True
5817,True
5818,True
5819,True
5820,False
5821,True
5822,False
5823,False
5824,False
5825,True
5826,True
5827,True
5828,True
5829,True
5830,False
5831,True
5832,False
5833,False
5834,True
5835,False
5836,True
5837,True
5838,True
5839,True
5840,True
5841,False
5842,False
5843,False
5844,False
5845,True
5846,True
5847,True
5848,True
5849,True
5850,False
5851,False
5852,False
5853,False
5854,False
5855,False
5856,True
5857,True
5858,False
5859,False
5860,True
5861,False
5862,True
5863,True
5864,True
5865,False
5866,False
5867,False
5868,True
5869,True
5870,True
5871,True
5872,True
5873,False
5874,True
5875,True
5876,False
5877,False
5878,False
5879,False
5880,True
5881,False
5882,False
5883,True
5884,False
5885,False
5886,False
5887,True
5888,True
5889,False
5890,True
5891,False
5892,False
5893,False
5894,False
5895,False
5896,True
5897,False
5898,True
5899,True
5900,True
5901,False
5902,True
5903,False
5904,True
5905,False
5906,False
5907,True
5908,False
5909,True
5910,False
5911,False
5912,True
5913,False
5914,True
5915,True
5916,False
5917,False
5918,False
5919,True
5920,False
5921,True
5922,False
5923,False
5924,False
5925,False
5926,False
5927,True
5928,False
5929,False
5930,True
5931,True
5932,False
5933,True
5934,False
5935,False
5936,False
5937,False
5938,False
5939,True
5940,True
5941,True
5942,False
5943,True
5944,True
5945,False
5946,True
5947,True
5948,True
5949,True
5950,True
5951,True
5952,True
5953,True
5954,True
5955,True
5956,False
5957,True
5958,True
5959,False
5960,False
5961,True
5962,False
5963,False
5964,True
5965,True
5966,False
5967,False
5968,True
5969,False
5970,True
5971,True
5972,False
5973,True
5974,False
5975,False
5976,False
5977,False
5978,True
5979,False
5980,False
5981,False
5982,True
5983,False
5984,False
5985,True
5986,False
5987,True
5988,False
5989,False
5990,False
5991,False
5992,False
5993,True
5994,False
5995,False
5996,False
5997,False
5998,False
5999,False
6000,True
6001,True
6002,False
6003,False
6004,True
6005,True
6006,True
6007,True
6008,True
6009,True
6010,False
6011,False
6012,True
6013,True
6014,True
6015,True
6016,True
6017,True
6018,False
6019,True
6020,True
6021,False
6022,True
6023,True
6024,True
6025,True
6026,False
6027,False
6028,False
6029,True
6030,False
6031,True
6032,False
6033,False
6034,True
6035,True
6036,True
6037,True
6038,True
6039,False
6040,True
6041,False
6042,True
6043,False
6044,False
6045,False
6046,True
6047,True
6048,True
6049,False
6050,False
6051,True
6052,True
6053,True
6054,True
6055,True
6056,False
6057,True
6058,False
6059,False
6060,False
6061,True
6062,True
6063,True
6064,True
6065,True
6066,True
6067,True
6068,True
6069,False
6070,True
6071,False
6072,False
6073,True
6074,True
6075,True
6076,False
6077,False
6078,True
6079,True
6080,True
6081,True
6082,False
6083,True
6084,True
6085,True
6086,True
6087,False
6088,True
6089,False
6090,False
6091,True
6092,False
6093,False
6094,True
6095,False
6096,False
6097,True
6098,False
6099,True
6100,True
6101,True
6102,True
6103,False
6104,True
6105,False
6106,True
6107,False
6108,False
6109,True
6110,False
6111,False
6112,False
6113,False
6114,False
6115,False
6116,False
6117,False
6118,False
6119,False
6120,False
6121,True
6122,False
6123,True
6124,False
6125,False
6126,True
6127,False
6128,False
6129,False
6130,False
6131,True
6132,True
6133,True
6134,True
6135,True
6136,True
6137,True
6138,True
6139,False
6140,False
6141,False
6142,True
6143,False
6144,True
6145,True
6146,False
6147,False
6148,True
6149,False
6150,True
6151,False
6152,True
6153,True
6154,False
6155,True
6156,False
6157,False
6158,True
6159,False
6160,True
6161,False
6162,False
6163,True
6164,False
6165,False
6166,True
6167,True
6168,False
6169,True
6170,True
6171,True
6172,True
6173,True
6174,False
6175,True
6176,False
6177,False
6178,True
6179,True
6180,True
6181,True
6182,True
6183,True
6184,False
